image,label_name
0037,senne
0039,youssef;akif
0040,seppe;alper;daiane;senne
0043,konrad;raul
0045,nelli
0051,florian
0058,bart
0062,konrad
0066,seppe;florian
0078,youssef
0103,daiane
0125,raul
0139,youssef
0160,konrad
0161,florian
0166,akif
0168,konrad
0174,bart
0179,akif
0182,senne;youssef;michiel;raul
0194,alper;seppe
0221,konrad
0226,senne
0233,michiel;matthias
0245,matthias
0246,akif
0255,nelli
0262,daiane;youssef;lasse;matthias;raul
0268,konrad
0275,bart
0282,akif
0316,raul
0344,senne
0377,daiane;senne;daiane
0381,seppe;daiane;daiane
0398,michiel;raul;youssef
0416,seppe
0418,nelli;seppe
0420,matthias;daiane
0423,alper
0427,nelli
0435,youssef
0443,florian
0444,seppe
0448,alper
0450,alper
0452,lasse;daiane;daiane;michiel
0454,raul;lasse
0472,youssef;florian;matthias
0481,bart
0513,youssef
0521,lasse;senne;michiel;youssef
0540,lasse;matthias
0551,nelli;daiane
0584,nelli;seppe
0589,konrad
0590,lasse
0592,michiel
0594,akif
0596,nelli
0599,florian
0603,konrad;senne;youssef
0605,nelli;seppe
0612,michiel
0614,daiane
0615,youssef;senne
0621,daiane
0624,nelli
0629,konrad
0638,konrad;akif
0641,florian
0646,raul;matthias
0648,nelli
0664,matthias;florian
0668,bart;youssef;daiane
0669,senne;raul;matthias;youssef
0675,daiane;alper
0676,alper;matthias;youssef
0679,senne;raul
0698,bart;konrad
0754,nelli
0757,nelli;seppe
0763,daiane
0764,daiane
0765,youssef
0766,florian
0770,florian
0772,lasse
0779,daiane;seppe;konrad
0786,daiane;konrad
0790,daiane
0792,daiane
0794,akif
0799,raul
0805,akif
0808,senne
0818,senne;matthias
0822,youssef;raul
0825,daiane